title,company,salary,experience,location,skills,url,source,scraped_at,job_date_str
Mới Head Of Company Secretary And Legal,NAB Innovation Centre Vietnam,Thương lượng,,"Hà Nội, Hồ Chí Minh","Communication, Compliance Management",https://www.vietnamworks.com/head-of-company-secretary-and-legal-2058976-jv?source=searchResults&searchType=2&placement=2058976&sortBy=date&qs=0,vietnamworks,2026-06-17 15:04:52,
Mới Nhân Viên Kinh Doanh (Sản Phẩm CNTT - DDH BOX) - Thưởng Hấp Dẫn,Công Ty Cổ Phần Đầu Tư Thương Mại Và Phát Triển Công Nghệ FSI,Thương lượng,,"Hà Nội, Hồ Chí Minh","Bán Hàng Kỹ Thuật, Xúc Tiến Dự Án",https://www.vietnamworks.com/nhan-vien-kinh-doanh-san-pham-cntt-ddh-box-thuong-hap-dan--2062930-jv?source=searchResults&searchType=2&placement=2062930&sortBy=date&qs=0,vietnamworks,2026-06-17 15:04:52,
Mới Head of Data Privacy & Compliance,CÔNG TY CỔ PHẦN VINSMART FUTURE,Thương lượng,,"Hồ Chí Minh, Hà Nội","Data Privacy, Information Security, IT Security",https://www.vietnamworks.com/head-of-data-privacy-and-compliance-2056767-jv?source=searchResults&searchType=2&placement=2056767&sortBy=date&qs=0,vietnamworks,2026-06-17 15:04:52,
"Mới Head Of Reporting, Governance Program Execution And Third-Party Risk Management",NAB Innovation Centre Vietnam,Thương lượng,,"Hà Nội, Hồ Chí Minh","Communication Skills, Data Analysis, Governance",https://www.vietnamworks.com/head-of-reporting-governance-program-execution-and-third-party-risk-management-2059026-jv?source=searchResults&searchType=2&placement=2059026&sortBy=date&qs=0,vietnamworks,2026-06-17 15:04:53,
Mới Head Of Product Delivery And Operations,NAB Innovation Centre Vietnam,Thương lượng,,"Hồ Chí Minh, Hà Nội","Data Management, Product Management, AI/ML Models",https://www.vietnamworks.com/head-of-product-delivery-and-operations-2058983-jv?source=searchResults&searchType=2&placement=2058983&sortBy=date&qs=0,vietnamworks,2026-06-17 15:04:53,
Mới Chuyên Viên L&D (Chuyên Viên Đào Tạo và Phát Triển),MISA Jointstock Company,Thương lượng,,"Hà Nội, Hồ Chí Minh","Quản Trị Nhân Lực, Learning and Development",https://www.vietnamworks.com/chuyen-vien-l-d-chuyen-vien-dao-tao-va-phat-trien-2062876-jv?source=searchResults&searchType=2&placement=2062876&sortBy=date&qs=0,vietnamworks,2026-06-17 15:04:53,
Mới Giám đốc Vận Hành Cloud,CÔNG TY CỔ PHẦN VINSMART FUTURE,Thương lượng,,Hà Nội,"Cloud Management, Cloud Security, Kubernetes",https://www.vietnamworks.com/giam-djoc-van-hanh-cloud-2066283-jv?source=searchResults&searchType=2&placement=2066283&sortBy=date&qs=0,vietnamworks,2026-06-17 15:04:53,
"Mới Technical Program Manager, Pixel Phone",Google,Thương lượng,,Hà Nội,"Communication, Consumer Electronics",https://www.vietnamworks.com/technical-program-manager-pixel-phone-2057325-jv?source=searchResults&searchType=2&placement=2057325&sortBy=date&qs=0,vietnamworks,2026-06-17 15:04:53,
Mới Trưởng Nhóm/Chuyên Viên Mua Hàng,CÔNG TY CỔ PHẦN VINSMART FUTURE,Thương lượng,,Hà Nội,"Communication, Contract Management",https://www.vietnamworks.com/truong-nhomchuyen-vien-mua-hang-2066268-jv?source=searchResults&searchType=2&placement=2066268&sortBy=date&qs=0,vietnamworks,2026-06-17 15:04:53,
Mới Nhân Viên Quản Lý Phần Mềm,"Panasonic Industrial Devices Vietnam CO., LTD (PIDVN)",Thương lượng,,Hà Nội,"Hỗ Trợ Người Dùng, Mysql, Oracle",https://www.vietnamworks.com/nhan-vien-quan-ly-phan-mem-2066056-jv?source=searchResults&searchType=2&placement=2066056&sortBy=date&qs=0,vietnamworks,2026-06-17 15:04:53,
Mới User Acquisition,Piontech Software,Tới 35tr ₫/tháng,,Hà Nội,"ASO, Monetization, Phân Tích Dữ Liệu",https://www.vietnamworks.com/user-acquisition-2069335-jv?source=searchResults&searchType=2&placement=2069335&sortBy=date&qs=0,vietnamworks,2026-06-17 15:04:53,
Mới R&D Core Technology Engineer,Piontech Software,15tr-35tr ₫/tháng,,Hà Nội,"Computer Vision, Realtime Processing, Technical Documentation",https://www.vietnamworks.com/randd-core-technology-engineer-2069334-jv?source=searchResults&searchType=2&placement=2069334&sortBy=date&qs=0,vietnamworks,2026-06-17 15:04:53,
Mới Deputy Manager Of Opcs Department,Global Data Service Joint Stock Company (Gds),Thương lượng,,Hà Nội,"IT Operations, Data Center Operation, Customer Service",https://www.vietnamworks.com/deputy-manager-of-opcs-department-2058995-jv?source=searchResults&searchType=2&placement=2058995&sortBy=date&qs=0,vietnamworks,2026-06-17 15:04:53,
Mới Presales Manager (Sales/telesales/customer Service - Upto 50M),Itechwx COMPANY Limited,Thương lượng,,Hà Nội,"English fluency, Sales, Telesale",https://www.vietnamworks.com/presales-manager-sales-telesales-customer-service-upto-50m-2065570-jv?source=searchResults&searchType=2&placement=2065570&sortBy=date&qs=0,vietnamworks,2026-06-17 15:04:53,
Mới Account Management Excutive,Công Ty Cổ Phần Ekko Việt Nam,"$ 500-1,500 /tháng",,Hà Nội,"Account Management, B2B, Tư Vấn Giải Pháp",https://www.vietnamworks.com/account-management-excutive-2058653-jv?source=searchResults&searchType=2&placement=2058653&sortBy=date&qs=0,vietnamworks,2026-06-17 15:04:53,
Mới Senior Talent Acquisition Specialist / Team Lead,Công Ty CP Tập Đoàn Công Nghệ CMC,Thương lượng,,Hà Nội,"Tuyển Dụng, Talent Acquisition, ATS",https://www.vietnamworks.com/senior-talent-acquisition-specialist-team-lead-2065914-jv?source=searchResults&searchType=2&placement=2065914&sortBy=date&qs=0,vietnamworks,2026-06-17 15:04:53,
Mới Kỹ Sư Thiết Kế Phần Cứng,CÔNG TY CỔ PHẦN THIẾT BỊ CÔNG NGHIỆP GEIC,Thương lượng,,Hà Nội,"C++, Firmware Design, Lập Trình Nhúng",https://www.vietnamworks.com/ky-su-thiet-ke-phan-cung-2050971-jv?source=searchResults&searchType=2&placement=2050971&sortBy=date&qs=0,vietnamworks,2026-06-17 15:04:53,
Mới IT Phần Mềm Logistis,Nippon Express Vietnam,Thương lượng,,Hà Nội,"WMS, SQL, Hạ Tầng Mạng",https://www.vietnamworks.com/it-phan-mem-logistis-2059462-jv?source=searchResults&searchType=2&placement=2059462&sortBy=date&qs=0,vietnamworks,2026-06-17 15:04:54,
Mới Chuyên Viên Kinh Doanh (Tệp Khách Hàng Cũ) - Lương Cứng Từ 9.000.000 Vnđ/tháng - Bán Thêm Phần Mềm Trong Hệ Sinh Thái MISA,MISA Jointstock Company,15tr-20tr ₫/tháng,,"Hồ Chí Minh, Hà Nội","Phần mềm kế toán, Nhân viên kinh doanh, Cross Selling",https://www.vietnamworks.com/chuyen-vien-kinh-doanh-tep-khach-hang-cu-luong-cung-tu-9-000-000-vnd-thang-ban-them-phan-mem-trong-he-sinh-thai-misa-2060027-jv?source=searchResults&searchType=2&placement=2060027&sortBy=date&qs=0,vietnamworks,2026-06-17 15:04:54,
Mới Chuyên Viên Quan Hệ Khách Hàng Doanh Nghiệp Lớn / Tuyển Gấp,MISA Jointstock Company,30tr-50tr ₫/tháng,,"Hồ Chí Minh, Hà Nội","Tài Chính Doanh Nghiệp, Quan Hệ Khách Hàng, Enterprise Account Management",https://www.vietnamworks.com/chuyen-vien-quan-he-khach-hang-doanh-nghiep-lon-tuyen-gap-2060030-jv?source=searchResults&searchType=2&placement=2060030&sortBy=date&qs=0,vietnamworks,2026-06-17 15:04:54,
"Software Engineer (Embedded, MCU, RTOS)",LG Electronics Development Vietnam Company Limited,"$ 650-2,200 /tháng",,Hà Nội,"MCU Programming, Embedded, Embedded Software",https://www.vietnamworks.com/software-engineer-embedded-mcu-rtos--2048608-jv?source=searchResults&searchType=2&placement=2048608&sortBy=date&qs=0,vietnamworks,2026-06-17 15:04:54,
Manual Test Engineer (Hybrid Working),LG Electronics Development Vietnam Company Limited,"$ 500-1,000 /tháng",,Hà Nội,"Automation Testing, Defect Tracking, Software Testing",https://www.vietnamworks.com/manual-test-engineer-hybrid-working-2048648-jv?source=searchResults&searchType=2&placement=2048648&sortBy=date&qs=0,vietnamworks,2026-06-17 15:04:54,
Automation Engineer (Plc/dcs) - Power Plant,"Toshiba Software Development (Vietnam) CO., LTD",Thương lượng,,Hà Nội,"PLC, DCS, Điện Tự Động Hóa",https://www.vietnamworks.com/automation-engineer-plcdcs-power-plant-2055339-jv?source=searchResults&searchType=2&placement=2055339&sortBy=date&qs=0,vietnamworks,2026-06-17 15:04:54,
General Accountant,1C Vietnam LLC,Thương lượng,,Hà Nội,"General Accounting Principals, Tax Regulation, Accounting Software",https://www.vietnamworks.com/general-accountant-2054386-jv?source=searchResults&searchType=2&placement=2054386&sortBy=date&qs=0,vietnamworks,2026-06-17 15:04:54,
Senior Developer,Công Ty TNHH Giải Pháp Công Nghệ Cộng,"$ 800-1,800 /tháng",,Hà Nội,".Net, Full Stack Development, Docker",https://www.vietnamworks.com/senior-developer--2065799-jv?source=searchResults&searchType=2&placement=2065799&sortBy=date&qs=0,vietnamworks,2026-06-17 15:04:54,
Senior Business Analyst (3-8 Năm Kinh Nghiệm),Công Ty TNHH Giải Pháp Công Nghệ Cộng,"$ 700-1,500 /tháng",,Hà Nội,"Business Analysis, Data Analysis, Figma",https://www.vietnamworks.com/senior-business-analyst-3-8-nam-kinh-nghiem--2065798-jv?source=searchResults&searchType=2&placement=2065798&sortBy=date&qs=0,vietnamworks,2026-06-17 15:04:54,
SAP Senior Consultant - SAP Project Management (PMO) Assistant,Deloitte Consulting SEA,Thương lượng,,"Hồ Chí Minh, Hà Nội","SAP, Consulting, Information Technology",https://www.vietnamworks.com/sap-senior-consultant-sap-project-management-pmo-assistant-2061220-jv?source=searchResults&searchType=2&placement=2061220&sortBy=date&qs=0,vietnamworks,2026-06-17 15:04:54,
SAP Senior Consultant - SAP Extended Warehouse Management (EWM) Module,Deloitte Consulting SEA,Thương lượng,,"Hồ Chí Minh, Hà Nội","SAP, Consulting, Information Technology",https://www.vietnamworks.com/sap-senior-consultant-sap-extended-warehouse-management-ewm-module--2061219-jv?source=searchResults&searchType=2&placement=2061219&sortBy=date&qs=0,vietnamworks,2026-06-17 15:04:54,
FPGA Engineer (Chance To Become Leader),"Toshiba Software Development (Vietnam) CO., LTD",Thương lượng,,Hà Nội,"FPGA Development, Hdl Coding, Linux environment",https://www.vietnamworks.com/fpga-engineer-chance-to-become-leader-2063038-jv?source=searchResults&searchType=2&placement=2063038&sortBy=date&qs=0,vietnamworks,2026-06-17 15:04:54,
Cán Bộ Thanh Tra CNTT,CÔNG TY CỔ PHẦN VINSMART FUTURE,Thương lượng,,Hà Nội,"Analytical Thinking, Compliance, Risk Management",https://www.vietnamworks.com/can-bo-thanh-tra-cntt-2059886-jv?source=searchResults&searchType=2&placement=2059886&sortBy=date&qs=0,vietnamworks,2026-06-17 15:04:55,
IT Comtor - Signing Bonus Up To 15M,FPT Software,Thương lượng,,"Hà Nội, Hồ Chí Minh, Đà Nẵng","Giao Tiếp Tốt, Tiếng Nhật N2, Biên Phiên Dịch It",https://www.vietnamworks.com/it-comtor-signing-bonus-up-to-15m-2062513-jv?source=searchResults&searchType=2&placement=2062513&sortBy=date&qs=0,vietnamworks,2026-06-17 15:04:55,
Risk & Compliance Team Leader,FPT Software,Thương lượng,,"Hà Nội, Hồ Chí Minh, Đà Nẵng","Compliance, English, ISO 9001",https://www.vietnamworks.com/risk-and-compliance-team-leader-2062524-jv?source=searchResults&searchType=2&placement=2062524&sortBy=date&qs=0,vietnamworks,2026-06-17 15:04:55,
Kỹ Sư Cao Cấp Phát Triển Phần Mềm,BIM Group,Thương lượng,,Hà Nội,"Lập Trình, Quản Trị Cơ Sở Dữ Liệu, C#",https://www.vietnamworks.com/ky-su-cao-cap-phat-trien-phan-mem--2041408-jv?source=searchResults&searchType=2&placement=2041408&sortBy=date&qs=0,vietnamworks,2026-06-17 15:04:55,
Nhân Viên Chăm Sóc Khách Hàng (Customer Service),CÔNG TY CỔ PHẦN VINSMART FUTURE,Thương lượng,,Hà Nội,"Chăm Sóc Khách Hàng, Dịch Vụ Khách Hàng, Kỹ năng giao tiếp",https://www.vietnamworks.com/nhan-vien-cham-soc-khach-hang-customer-service--2057637-jv?source=searchResults&searchType=2&placement=2057637&sortBy=date&qs=0,vietnamworks,2026-06-17 15:04:55,
Executive Assistant to C-Level (Chinese),One Mount,"$ 1,200-2,500 /tháng",,Hà Nội,"Assistant Experience, Business Consulting, Project Coordination",https://www.vietnamworks.com/executive-assistant-to-c-level-chinese--2066494-jv?source=searchResults&searchType=2&placement=2066494&sortBy=date&qs=0,vietnamworks,2026-06-17 15:04:55,
Process Quality Assurance,FPT Software,Thương lượng,,Hà Nội,"Cmmi Awareness, Data Analysis, Excel Skills",https://www.vietnamworks.com/process-quality-assurance-2041395-jv?source=searchResults&searchType=2&placement=2041395&sortBy=date&qs=0,vietnamworks,2026-06-17 15:04:55,
Account Manager (Nhân Viên Kinh Doanh Dự Án CNTT – Sale IT),Công Ty Cổ Phần Dịch Vụ Công Nghệ Tin Học HPT,14tr-40tr ₫/tháng,,"Hồ Chí Minh, Hà Nội","kỹ năng giao tiếp tiếng Anh, sale IT",https://www.vietnamworks.com/account-manager-nhan-vien-kinh-doanh-du-an-cntt-sale-it-2065804-jv?source=searchResults&searchType=2&placement=2065804&sortBy=date&qs=0,vietnamworks,2026-06-17 15:04:55,
AI Software Engineer (Python/ Go/ C/ C++ Backend & AI Agents) - Khối Công Nghệ Thông Tin (2026TD450888),NGÂN HÀNG TMCP QUÂN ĐỘI – MBBANK,Thương lượng,,Hà Nội,"Python, Microservice, TensorFlow",https://www.vietnamworks.com/ai-software-engineer-python-go-c-c-backend-and-ai-agents-khoi-cong-nghe-thong-tin-2026td450888-2069030-jv?source=searchResults&searchType=2&placement=2069030&sortBy=date&qs=0,vietnamworks,2026-06-17 15:04:55,
Chairman Assistant (Personal Assistant),MISA Jointstock Company,Thương lượng,,Hà Nội,"Admin, Admin Assistant, Admintration",https://www.vietnamworks.com/chairman-assistant-personal-assistant-2062339-jv?source=searchResults&searchType=2&placement=2062339&sortBy=date&qs=0,vietnamworks,2026-06-17 15:04:55,
Viettel Tuyển Dụng Senior Backend Developer,Tổng Công Ty Viễn Thông Viettel (Viettel Telecom),Tới 50tr ₫/tháng,,Hà Nội,"IT, Mobile Development, backend",https://www.vietnamworks.com/viettel-tuyen-dung-senior-backend-developer-2069067-jv?source=searchResults&searchType=2&placement=2069067&sortBy=date&qs=0,vietnamworks,2026-06-17 15:04:55,
Chuyên Viên Quản Lý Dự Án (Contract & Operation Manager),Công Ty TNHH Infoplus,Thương lượng,,Hà Nội,"Quản Lý Hợp Đồng, Dự Thảo Hợp Đồng, Quản Trị Dòng Tiền",https://www.vietnamworks.com/chuyen-vien-quan-ly-du-an-contract-andamp-operation-manager-2065494-jv?source=searchResults&searchType=2&placement=2065494&sortBy=date&qs=0,vietnamworks,2026-06-17 15:04:55,
Global Legal (Good English),Công Ty TNHH Outcubator Việt Nam,"$ 900-1,600 /tháng",,Hà Nội,"Critical Thinking, Documentation Compliance, Law Firms",https://www.vietnamworks.com/global-legal-good-english-2065297-jv?source=searchResults&searchType=2&placement=2065297&sortBy=date&qs=0,vietnamworks,2026-06-17 15:04:55,
Presales Specialist - Cantonese - Open for Freshers - Training Offered (Up to 21 Gross),ITECHWX COMPANY LIMITED,18tr-21tr ₫/tháng,,Hà Nội,"Cantonese, Customer Service, Pre-sales",https://www.vietnamworks.com/presales-specialist-cantonese-open-for-freshers-training-offered-up-to-21-gross-2048778-jv?source=searchResults&searchType=2&placement=2048778&sortBy=date&qs=0,vietnamworks,2026-06-17 15:04:56,
"Kỹ Sư Giải Pháp, Tích Hợp Hệ Thống Cloud",Tập Đoàn Bưu Chính Viễn Thông Việt Nam (VNPT),200tr-500tr ₫/năm,,Hà Nội,"An Toàn Thông Tin, Bảo Mật Web, Công Nghệ Thông Tin",https://www.vietnamworks.com/ky-su-giai-phap-tich-hop-he-thong-cloud-2058691-jv?source=searchResults&searchType=2&placement=2058691&sortBy=date&qs=0,vietnamworks,2026-06-17 15:04:56,
Product Manager (PM),CÔNG TY CỔ PHẦN THIẾT BỊ CÔNG NGHIỆP GEIC,Thương lượng,,Hà Nội,"C++, Firmware Design, Lập Trình Nhúng",https://www.vietnamworks.com/product-manager-pm--2049735-jv?source=searchResults&searchType=2&placement=2049735&sortBy=date&qs=0,vietnamworks,2026-06-17 15:04:56,
Commercial Product Specialist,Esoft Vietnam,Thương lượng,,Hà Nội,"Product Management, Operation, Go-To-Market Strategy",https://www.vietnamworks.com/commercial-product-specialist-2058589-jv?source=searchResults&searchType=2&placement=2058589&sortBy=date&qs=0,vietnamworks,2026-06-17 15:04:56,
Product - Service Coach,FPT Software,Thương lượng,,"Hồ Chí Minh, Đà Nẵng, Hà Nội","Agile, Product Planning, Scrum",https://www.vietnamworks.com/product-service-coach-2064807-jv?source=searchResults&searchType=2&placement=2064807&sortBy=date&qs=0,vietnamworks,2026-06-17 15:04:56,
"Chuyên Viên Digital Marketing (Facebook Ads, Google Ads)",MISA Jointstock Company,15tr-30tr ₫/tháng,,Hà Nội,"Digital Marketing, Facebook Ads, Google Ads",https://www.vietnamworks.com/chuyen-vien-digital-marketing-facebook-ads-google-ads-2063295-jv?source=searchResults&searchType=2&placement=2063295&sortBy=date&qs=0,vietnamworks,2026-06-17 15:04:56,
Chuyên Viên Quan Hệ Đối Ngoại (Các Tập Đoàn Lớn - Nhóm Vnr500),MISA Jointstock Company,Thương lượng,,Hà Nội,"Market Research, B2B Sales, Business Development",https://www.vietnamworks.com/chuyen-vien-quan-he-doi-ngoai-cac-tap-doan-lon-nhom-vnr500-2063316-jv?source=searchResults&searchType=2&placement=2063316&sortBy=date&qs=0,vietnamworks,2026-06-17 15:04:56,
Trợ Lý Tư Vấn ERP (Yêu Cầu Tiếng Trung),"Yonyou Network Technology Co., Ltd",15tr-25tr ₫/tháng,,"Hồ Chí Minh, Hà Nội","ERP Systems, SQL, Triển Khai ERP",https://www.vietnamworks.com/tro-ly-tu-van-erp-yeu-cau-tieng-trung-2062037-jv?source=searchResults&searchType=2&placement=2062037&sortBy=date&qs=0,vietnamworks,2026-06-17 15:04:56,
"Chuyên Viên Digital Marketing (Facebook Ads, Google Ads)",MISA Jointstock Company,15tr-30tr ₫/tháng,,Hà Nội,"Digital Marketing, Facebook Ads, Google Ads",https://www.vietnamworks.com/chuyen-vien-digital-marketing-facebook-ads-google-ads-2063295-jv?source=searchResults&searchType=2&placement=2063345&sortBy=date&qs=0,vietnamworks,2026-06-17 15:05:25,
Chuyên Viên Quan Hệ Đối Ngoại (Các Tập Đoàn Lớn - Nhóm Vnr500),MISA Jointstock Company,Thương lượng,,Hà Nội,"Market Research, B2B Sales, Business Development",https://www.vietnamworks.com/chuyen-vien-quan-he-doi-ngoai-cac-tap-doan-lon-nhom-vnr500-2063316-jv?source=searchResults&searchType=2&placement=2063366&sortBy=date&qs=0,vietnamworks,2026-06-17 15:05:25,
Trợ Lý Tư Vấn ERP (Yêu Cầu Tiếng Trung),"Yonyou Network Technology Co., Ltd",15tr-25tr ₫/tháng,,"Hồ Chí Minh, Hà Nội","ERP Systems, SQL, Triển Khai ERP",https://www.vietnamworks.com/tro-ly-tu-van-erp-yeu-cau-tieng-trung-2062037-jv?source=searchResults&searchType=2&placement=2062087&sortBy=date&qs=0,vietnamworks,2026-06-17 15:05:25,
"Chuyên Viên Presale (Cloud, An Ninh Mạng)",Trung Tâm Công Nghệ Thông Tin MobiFone,Thương lượng,,Hà Nội,"An Toàn Thông Tin, Cloud Computing",https://www.vietnamworks.com/chuyen-vien-presale-cloud-an-ninh-mang-2043672-jv?source=searchResults&searchType=2&placement=2043722&sortBy=date&qs=0,vietnamworks,2026-06-17 15:05:25,
Chuyên Viên Kinh Doanh Dự Án CNTT,Trung Tâm Công Nghệ Thông Tin MobiFone,Thương lượng,,Hà Nội,"Chuyển Đổi Số, Giải Pháp Công Nghệ",https://www.vietnamworks.com/chuyen-vien-kinh-doanh-du-an-cntt-2043676-jv?source=searchResults&searchType=2&placement=2043726&sortBy=date&qs=0,vietnamworks,2026-06-17 15:05:26,
[HOT] Chuyên Gia Phát Triển Sản Phẩm/Giải Pháp CNTT,Trung Tâm Công Nghệ Thông Tin MobiFone,Thương lượng,,Hà Nội,"Giải Pháp Công Nghệ, Phân Tích Dữ Liệu",https://www.vietnamworks.com/hot-chuyen-gia-phat-trien-san-phamgiai-phap-cntt-2043667-jv?source=searchResults&searchType=2&placement=2043717&sortBy=date&qs=0,vietnamworks,2026-06-17 15:05:26,
Chuyên Viên Cao Cấp Quản Trị Rủi Ro Hoạt Động,One Mount,"$ 1,000-1,200 /tháng",,Hà Nội,"Risk Management, Operational Risks Management",https://www.vietnamworks.com/chuyen-vien-cao-cap-quan-tri-rui-ro-hoat-dong--2063195-jv?source=searchResults&searchType=2&placement=2063245&sortBy=date&qs=0,vietnamworks,2026-06-17 15:05:26,
Nhân Sự Tổng Hợp (Senior Hr Generalist),CÔNG TY TNHH SOFTROAD,Tới 30tr ₫/tháng,,Hà Nội,"C&B, Quản Lý Hiệu Suất, Luật Lao Động",https://www.vietnamworks.com/nhan-su-tong-hop-senior-hr-generalist-2068265-jv?source=searchResults&searchType=2&placement=2068315&sortBy=date&qs=0,vietnamworks,2026-06-17 15:05:26,
Android Framework Engineer,Văn phòng đại diện KPIT TECHNOLOGIES LIMITED tại thành phố Hà Nội,"$ 1,500-2,000 /tháng",,Hà Nội,"C/C++ Programming, Network Analysis",https://www.vietnamworks.com/android-framework-engineer-2061821-jv?source=searchResults&searchType=2&placement=2061871&sortBy=date&qs=0,vietnamworks,2026-06-17 15:05:26,
Nhân Viên Truyền Thông (Ads & Content),"Sumitomo Electric Interconnect Products (Vietnam), Ltd. [Sepv]",Thương lượng,,Hà Nội,"Phân Tích Dữ Liệu, Advertising, Content Development",https://www.vietnamworks.com/nhan-vien-truyen-thong-ads-and-content-2061751-jv?source=searchResults&searchType=2&placement=2061801&sortBy=date&qs=0,vietnamworks,2026-06-17 15:05:26,
Senior Account Manager,Công Ty TNHH Diebold Nixdorf Việt Nam,Thương lượng,,Hà Nội,"Business Development, Account Management, Direct Sales",https://www.vietnamworks.com/senior-account-manager--2062945-jv?source=searchResults&searchType=2&placement=2062995&sortBy=date&qs=0,vietnamworks,2026-06-17 15:05:26,
Account Manager (B2B / Enterprise),Công Ty CP Giải Pháp Kinh Doanh Nền Tảng - Basebs,Từ $ 900 /tháng,,"Hồ Chí Minh, Hà Nội","Tìm Kiếm Khách Hàng, Phát Triển Khách Hàng, Tư Vấn Giải Pháp",https://www.vietnamworks.com/account-manager-b2b-enterprise-2052097-jv?source=searchResults&searchType=2&placement=2052147&sortBy=date&qs=0,vietnamworks,2026-06-17 15:05:26,
(Senior) Learning and Development Specialist,Crossian Việt Nam,Thương lượng,,"Hà Nội, Hồ Chí Minh","Coaching, Learning and Development, Talent Development",https://www.vietnamworks.com/senior-learning-and-development-specialist--2058240-jv?source=searchResults&searchType=2&placement=2058290&sortBy=date&qs=0,vietnamworks,2026-06-17 15:05:27,
Technical Advisor,FPT Software,Thương lượng,,"Hà Nội, Đà Nẵng, Hồ Chí Minh","Product Planning, IT Project Management, Technical",https://www.vietnamworks.com/technical-advisor-2064806-jv?source=searchResults&searchType=2&placement=2064856&sortBy=date&qs=0,vietnamworks,2026-06-17 15:05:27,
Cộng Tác Viên Hành Chính,One Mount,Thương lượng,,Hà Nội,"Hành Chính, MS Office, Customer Service",https://www.vietnamworks.com/cong-tac-vien-hanh-chinh--2065551-jv?source=searchResults&searchType=2&placement=2065601&sortBy=date&qs=0,vietnamworks,2026-06-17 15:05:27,
"Technical Support Engineer (Flexible Shift, Open for Fresher)",ITECHWX COMPANY LIMITED,16tr-20tr ₫/tháng,,"Hà Nội, Hồ Chí Minh","Customer Service, Technical, Technical Support & Customer Service",https://www.vietnamworks.com/technical-support-engineer-flexible-shift-open-for-fresher-2057262-jv?source=searchResults&searchType=2&placement=2057312&sortBy=date&qs=0,vietnamworks,2026-06-17 15:05:27,
Trưởng Phòng Kinh Doanh (Viễn thông/CNTT),Công Ty Cổ Phần HTC Viễn Thông Quốc Tế,Tới 25tr ₫/tháng,,Hà Nội,"Cntt, Kinh Doanh B2B, Kỹ Năng Lãnh Đạo",https://www.vietnamworks.com/truong-phong-kinh-doanh-vien-thongcntt-2064598-jv?source=searchResults&searchType=2&placement=2064648&sortBy=date&qs=0,vietnamworks,2026-06-17 15:05:27,
Viettel Tuyển Dụng Mobile Developer / Lương Upto 50M,Viettel Vtt,Thương lượng,,Hà Nội,"IT, Mobile Development, Android",https://www.vietnamworks.com/viettel-tuyen-dung-mobile-developer-luong-upto-50m-2041224-jv?source=searchResults&searchType=2&placement=2041274&sortBy=date&qs=0,vietnamworks,2026-06-17 15:05:27,
"Viettel Tuyển Dụng iOS Developer (Swift, Firebase)",Tổng Công Ty Viễn Thông Viettel - Chi Nhánh Tập Đoàn Công Nghiệp - Viễn Thông Quân Đội,Thương lượng,,Hà Nội,"Mobile Development, iOS, VoIP",https://www.vietnamworks.com/viettel-tuyen-dung-ios-developer-swift-firebase-2044873-jv?source=searchResults&searchType=2&placement=2044923&sortBy=date&qs=0,vietnamworks,2026-06-17 15:05:27,
Viettel Tuyển Dụng Mobile Developer / Lương Upto 50M,Tổng Công Ty Viễn Thông Viettel (Viettel Telecom),Tới $ 50tr /tháng,,Hà Nội,"IT, Mobile Development, Android",https://www.vietnamworks.com/viettel-tuyen-dung-mobile-developer-luong-upto-50m--2046028-jv?source=searchResults&searchType=2&placement=2046078&sortBy=date&qs=0,vietnamworks,2026-06-17 15:05:27,
Data Engineer,Volio Vietnam,Tới 50tr ₫/tháng,,Hà Nội,"Data Science, SQL, Python",https://www.vietnamworks.com/data-engineer-2057330-jv?source=searchResults&searchType=2&placement=2057380&sortBy=date&qs=0,vietnamworks,2026-06-17 15:05:27,
AI Engineer (Middle Level) (Thu Nhập 20-30 Triệu),K&M Holdings,20tr-30tr ₫/tháng,,Hà Nội,"Python, Git, LangChain",https://www.vietnamworks.com/ai-engineer-middle-level-thu-nhap-20-30-trieu-2064255-jv?source=searchResults&searchType=2&placement=2064305&sortBy=date&qs=0,vietnamworks,2026-06-17 15:05:28,
SAP ABAP Developer,Công Ty CP Hyundai Aluminum Vina,Thương lượng,,Hà Nội,"Analytical Thinking, Customer Service, Problem-solving",https://www.vietnamworks.com/sap-abap-developer-2064373-jv?source=searchResults&searchType=2&placement=2064423&sortBy=date&qs=0,vietnamworks,2026-06-17 15:05:28,
Chuyên Viên Tối Ưu Thiết Kế Hạ Tầng Cloud,Công Ty Cổ Phần Sunteco,20tr-35tr ₫/tháng,,Hà Nội,"Docker, AI, Cloud",https://www.vietnamworks.com/chuyen-vien-toi-uu-thiet-ke-ha-tang-cloud-2064368-jv?source=searchResults&searchType=2&placement=2064418&sortBy=date&qs=0,vietnamworks,2026-06-17 15:05:28,
Sale Admin Tiếng Hàn,Megazone Vietnam Company limited,Thương lượng,,Hà Nội,"Phiên Dịch Tiếng Hàn, Quản Lý Chứng Từ, Topik 5",https://www.vietnamworks.com/sale-admin-tieng-han-2061052-jv?source=searchResults&searchType=2&placement=2061102&sortBy=date&qs=0,vietnamworks,2026-06-17 15:05:28,
ERP / SaaS Sales Executive (Inbound Leads),"CyberLogitec Vietnam Co., Ltd.",Thương lượng,,Hà Nội,"B2B Sales, Enterprise Sales, Software",https://www.vietnamworks.com/erp-saas-sales-executive-inbound-leads-2067954-jv?source=searchResults&searchType=2&placement=2068004&sortBy=date&qs=0,vietnamworks,2026-06-17 15:05:28,
"Nhân Viên Kinh Doanh (Sales) - LCB 15Tr+++ / Nghỉ Thứ 7, Chủ Nhật",CÔNG TY TNHH EZ TECH VIỆT NAM,Từ 12tr ₫/tháng,,Hà Nội,"Phát Triển Khách Hàng, Sales B2C, Tư Vấn Bán Hàng",https://www.vietnamworks.com/nhan-vien-kinh-doanh-sales-lcb-15tr-nghi-thu-7-chu-nhat-2047344-jv?source=searchResults&searchType=2&placement=2047394&sortBy=date&qs=0,vietnamworks,2026-06-17 15:05:28,
Account Manager (Dự Án CNTT Khối Gov/ent),Công Ty Cổ Phần Tư Vấn Công Nghệ Ngs (Ngsc),"$ 500-2,000 /tháng",,"Hà Nội, Hồ Chí Minh","IT, Bán Hàng, Account Manager",https://www.vietnamworks.com/account-manager-du-an-cntt-khoi-gov-ent--2061262-jv?source=searchResults&searchType=2&placement=2061312&sortBy=date&qs=0,vietnamworks,2026-06-17 15:05:28,
Appication Developement Engineer,VietSol Co .Ltd,Thương lượng,,Hà Nội,"Android Framework, Android Framework, English/Chinese",https://www.vietnamworks.com/appication-developement-engineer-2060946-jv?source=searchResults&searchType=2&placement=2060996&sortBy=date&qs=0,vietnamworks,2026-06-17 15:05:28,
Chuyên Viên Phát Triển Phầm Mềm Mobile - IT,Ngân Hàng Thương Mại Cổ Phần Bảo Việt,Thương lượng,,Hà Nội,"Lập Trình Android, React Native, Waterfall",https://www.vietnamworks.com/chuyen-vien-phat-trien-pham-mem-mobile-it-2060819-jv?source=searchResults&searchType=2&placement=2060869&sortBy=date&qs=0,vietnamworks,2026-06-17 15:05:28,
Cyber Security Sales Representative (Vietnam),Công Ty Cổ Phần Quốc Tế WorldStar (WSI),Từ 20tr ₫/tháng,,"Hà Nội, Hồ Chí Minh","Cybersecurity Sales, Market Analysis, Partner Management",https://www.vietnamworks.com/cyber-security-sales-representative-vietnam-2060742-jv?source=searchResults&searchType=2&placement=2060792&sortBy=date&qs=0,vietnamworks,2026-06-17 15:05:28,
Trainer (Sales Industry - Chinese Speaking),Itechwx COMPANY Limited,Thương lượng,,Hà Nội,"Training & coaching, Chinese Language",https://www.vietnamworks.com/trainer-sales-industry-chinese-speaking-2067593-jv?source=searchResults&searchType=2&placement=2067643&sortBy=date&qs=0,vietnamworks,2026-06-17 15:05:29,
Kế Toán Tổng Hợp – Thuế (14–20M/ Tháng và Nhiều Đãi Ngộ Hấp Dẫn),Công Ty TNHH Công Nghệ Nguyên Lộc,14tr-20tr ₫/tháng,,Hà Nội,"Tài Chính Kế Toán, Thuế, Báo Cáo Thuế",https://www.vietnamworks.com/ke-toan-tong-hop-thue-14-20m-thang-va-nhieu-dai-ngo-hap-dan-2044245-jv?source=searchResults&searchType=2&placement=2044295&sortBy=date&qs=0,vietnamworks,2026-06-17 15:05:29,
Kỹ Sư Phát Triển Phần Mềm AI Cho Thiết Bị Thông Minh (AI Software Engineer Smart Devices),Công Ty Cổ Phần Công Nghệ Công Nghiệp Bưu Chính Viễn Thông - VNPT Technology,Thương lượng,,Hà Nội,"Ai Camera, C/C++, Python",https://www.vietnamworks.com/ky-su-phat-trien-phan-mem-ai-cho-thiet-bi-thong-minh-ai-software-engineer-smart-devices-2060032-jv?source=searchResults&searchType=2&placement=2060082&sortBy=date&qs=0,vietnamworks,2026-06-17 15:05:29,
Kế Toán Tổng Hợp,CÔNG TY TNHH CÔNG NGHỆ NIỀM VUI,Từ 25tr ₫/tháng,,Hà Nội,"Kế Toán Tổng Hợp, Phân Tích Tài Chính, Tài Chính Kế Toán",https://www.vietnamworks.com/ke-toan-tong-hop-2060356-jv?source=searchResults&searchType=2&placement=2060406&sortBy=date&qs=0,vietnamworks,2026-06-17 15:05:29,
AI Evaluator (Vietnamese) | Remote,Ebit,40tr-45tr ₫/tháng,,"Hồ Chí Minh, Hà Nội","Analytical Skills, Attention To Detail, English Proficiency",https://www.vietnamworks.com/ai-evaluator-vietnamese-or-remote-2066621-jv?source=searchResults&searchType=2&placement=2066671&sortBy=date&qs=0,vietnamworks,2026-06-17 15:05:29,
Nhân Viên Kỹ Thuật Điện / Điện Nhẹ - Presale,Công Ty Cổ Phần Idlinks Việt Nam,10tr-17tr ₫/tháng,,Hà Nội,"Presale, Bóc Tách Khối Lượng, Kinh Doanh",https://www.vietnamworks.com/nhan-vien-ky-thuat-djien-djien-nhe-presale-2065012-jv?source=searchResults&searchType=2&placement=2065062&sortBy=date&qs=0,vietnamworks,2026-06-17 15:05:29,
Nhân Viên Kinh Doanh (Công Nghệ Thông Tin),Công ty Cổ phần TMGS Việt Nam,Từ 15tr ₫/tháng,,Hà Nội,"Giải Pháp Công Nghệ, Information Technology, Technical Sales",https://www.vietnamworks.com/nhan-vien-kinh-doanh-cong-nghe-thong-tin-2067069-jv?source=searchResults&searchType=2&placement=2067119&sortBy=date&qs=0,vietnamworks,2026-06-17 15:05:29,
Quality Assurance (Chinese Speaking),ITECHWX COMPANY LIMITED,Thương lượng,,Hà Nội,"Quality Assurance, Customer Service Mindset, Chinese proficiency",https://www.vietnamworks.com/quality-assurance-chinese-speaking-2066996-jv?source=searchResults&searchType=2&placement=2067046&sortBy=date&qs=0,vietnamworks,2026-06-17 15:05:29,
Senior Accountant (Tax & Compliance Focus),Crossian Việt Nam,"$ 1,000-5,000 /tháng",,Hà Nội,"Finance, Tax Accounting, Financial Accounting",https://www.vietnamworks.com/senior-accountant-tax-compliance-focus--2056492-jv?source=searchResults&searchType=2&placement=2056542&sortBy=date&qs=0,vietnamworks,2026-06-17 15:05:29,
Bridge Project Manager/accelerator,Công Ty TNHH Money Forward Việt Nam,Thương lượng,,"Hồ Chí Minh, Hà Nội","Agile Scrum, Business Analysis, It Comtor",https://www.vietnamworks.com/bridge-project-manageraccelerator-2056382-jv?source=searchResults&searchType=2&placement=2056432&sortBy=date&qs=0,vietnamworks,2026-06-17 15:05:30,
Senior Accountant,Crossian Việt Nam,"$ 1,500-3,500 /tháng",,Hà Nội,"Finance, Kế Toán, Kế Toán Tổng Hợp",https://www.vietnamworks.com/senior-accountant--2056496-jv?source=searchResults&searchType=2&placement=2056546&sortBy=date&qs=0,vietnamworks,2026-06-17 15:05:30,
Customer Engagement,FPT Software,Thương lượng,,"Hồ Chí Minh, Đà Nẵng, Hà Nội","Communication, Customer Engagement, Pre-Sales Support",https://www.vietnamworks.com/customer-engagement-2066464-jv?source=searchResults&searchType=2&placement=2066514&sortBy=date&qs=0,vietnamworks,2026-06-17 15:05:30,
Project Manager (ERP/SAP),FPT Software,Thương lượng,,"Hà Nội, Hồ Chí Minh, Đà Nẵng","Data Management, English Proficiency, Erp",https://www.vietnamworks.com/project-manager-erpsap-2066457-jv?source=searchResults&searchType=2&placement=2066507&sortBy=date&qs=0,vietnamworks,2026-06-17 15:05:30,
Backend Engineer (Middle+) (Thu Nhập 20-30 Triệu),K&M Holdings,20tr-30tr ₫/tháng,,Hà Nội,"Node.js (Nestjs- Express), Database management, System Design",https://www.vietnamworks.com/backend-engineer-middle-thu-nhap-20-30-trieu-2064251-jv?source=searchResults&searchType=2&placement=2064301&sortBy=date&qs=0,vietnamworks,2026-06-17 15:05:30,
Senior Fullstack Developer (React JS + Nodejs/nestjs),Công ty cổ phần công nghệ số VCI,35tr-100tr ₫/tháng,,Hà Nội,"React Js, Full Stack Development, Fullstack Developer",https://www.vietnamworks.com/senior-fullstack-developer-react-js-nodejs-nestjs-2065876-jv?source=searchResults&searchType=2&placement=2065926&sortBy=date&qs=0,vietnamworks,2026-06-17 15:05:30,
UI/UX Designer,Công ty cổ phần công nghệ số VCI,Thương lượng,,Hà Nội,"Figma, UI Design, Product Design",https://www.vietnamworks.com/uiux-designer-2065634-jv?source=searchResults&searchType=2&placement=2065684&sortBy=date&qs=0,vietnamworks,2026-06-17 15:05:30,
IT Executive (Microsoft 365),Công Ty Easia Travel,Thương lượng,,Hà Nội,"Microsoft 365, IT Phần Mềm, Helpdesk Support",https://www.vietnamworks.com/it-executive-microsoft-365-2050998-jv?source=searchResults&searchType=2&placement=2051048&sortBy=date&qs=0,vietnamworks,2026-06-17 15:05:30,
Chuyên Viên Trực Vận Hành Dịch Vụ Công Nghệ Thông Tin (NOC) - Mã Số: Vhqt - 06,Chi Nhánh Trung Tâm Công Nghệ Thông Tin Tập Đoàn Bảo Việt,Thương lượng,,Hà Nội,"NOC Operations, Quản Trị Hệ Thống CNTT, Vận Hành Hệ Thống",https://www.vietnamworks.com/chuyen-vien-truc-van-hanh-dich-vu-cong-nghe-thong-tin-noc-ma-so-vhqt-06-2051026-jv?source=searchResults&searchType=2&placement=2051076&sortBy=date&qs=0,vietnamworks,2026-06-17 15:05:30,
Kỹ Sư Bán Hàng Dự Án Thu Nhập Từ 20 - 70 Triệu,Công Ty Cổ Phần Đầu Tư Thương Mại Và Kỹ Thuật Lương Gia,20tr-70tr ₫/tháng,,Hà Nội,"Kỹ Thuật Điện, Tự Động Hóa, Lắp Đặt Thiết Bị",https://www.vietnamworks.com/ky-su-ban-hang-du-an-thu-nhap-tu-20-70-trieu-2060980-jv?source=searchResults&searchType=2&placement=2061030&sortBy=date&qs=0,vietnamworks,2026-06-17 15:05:30,
